author,published_at,updated_at,like_count,text
@MrBeast,2023-08-05T21:30:20Z,2023-08-05T21:30:20Z,297576,Subscribe for Bryan
@AbizarAinulYaqin,2024-12-30T05:51:39Z,2024-12-30T05:51:39Z,0,ğŸ¤£ğŸ¤£ğŸ¤£ğŸ¤£ğŸ«µğŸ»ğŸ«µğŸ»ğŸ«µğŸ»ğŸ«µğŸ»ğŸ¤£ğŸ¤£ğŸ¤£ğŸ¤£
@A2Tr0Flame,2024-12-30T04:52:26Z,2024-12-30T04:52:26Z,0,Lazarbeam makes mrbeast so entertaining ğŸ˜‚
@Moo1783-q2h,2024-12-30T04:15:46Z,2024-12-30T04:15:46Z,0,à¸Šà¸­à¸šà¸¡à¸²à¸à¹†à¹†à¹†à¹†
@abmlol-nb7wj,2024-12-30T04:10:11Z,2024-12-30T04:10:11Z,0,Do a days 8 In a boat
@ReynadoRivera,2024-12-30T03:29:52Z,2024-12-30T03:29:52Z,0,@MrBeast
@ReynadoRivera,2024-12-30T03:29:32Z,2024-12-30T03:29:32Z,0,@Mrbeast
@tinalee9136,2024-12-30T03:09:14Z,2024-12-30T03:09:14Z,0,U r soooooo stewpadddd
@ArdiArdi-p6w,2024-12-30T01:28:54Z,2024-12-30T01:28:54Z,0,It&#39;s also nice at sea ğŸ˜…
@ARandomYeep123,2024-12-29T22:26:15Z,2024-12-29T22:26:15Z,0,BRYAN!!!
@seamysteryyy,2024-12-29T19:36:48Z,2024-12-29T19:36:48Z,0,No â¤â¤ğŸ˜®<br><br>Daha
@vanessaaguilar4107,2024-12-29T16:53:48Z,2024-12-29T16:53:48Z,0,Can you make a house Legos in the worldğŸš˜
@edbulgakov,2024-12-29T16:34:11Z,2024-12-29T16:34:11Z,0,I&#39;m your idol guys
@ROZA.P2.123,2024-12-29T16:13:31Z,2024-12-29T16:13:31Z,0,Macie jakÄ…Å› obronÄ™ tam czy albo Å¼yjecie albo umieracie xdğŸ˜…
@MDJuwel-n1g,2024-12-29T12:29:59Z,2024-12-29T12:29:59Z,0,ğŸ˜®ğŸ˜®ğŸ‡§ğŸ‡©
@MDJuwel-n1g,2024-12-29T12:27:15Z,2024-12-29T12:27:15Z,0,ğŸ‡§ğŸ‡©ğŸ‡§ğŸ‡©
@SylwiaWachowiak-p9n,2024-12-29T09:40:43Z,2024-12-29T09:40:43Z,0,I&#39;m s Polski
@NotOscar9,2024-12-29T09:31:28Z,2024-12-29T09:31:28Z,1,We all love bryan
@TuanPhan-sp3kj,2024-12-29T09:28:59Z,2024-12-29T09:28:59Z,0,"Bryan carried the video ğŸ‰ğŸ‰ğŸ‰ğŸ‰ğŸ‰ğŸ‰ğŸ‰ğŸ‰ğŸ‰ğŸ‰ğŸ‰ğŸ‰ğŸ‰ğŸ‰ğŸ‰ğŸ‰ğŸ‰ğŸ‰ <a href=""https://www.youtube.com/watch?v=yhB3BgJyGl8&amp;t=483"">8:03</a> <a href=""https://www.youtube.com/watch?v=yhB3BgJyGl8&amp;t=486"">8:06</a>"
@AdiMobile-y4y,2024-12-29T08:23:01Z,2024-12-29T08:23:01Z,0,Mister biskuit
@anamarcelapinto1224,2024-12-29T05:06:18Z,2024-12-29T05:06:18Z,1,Loveâ¤mrbeast
@TamaraGonzalezrosillo,2024-12-29T02:13:41Z,2024-12-29T02:13:41Z,0,Love you
@mrsdonnahansen6241,2024-12-29T01:41:21Z,2024-12-29T01:41:21Z,0,Why did Bryan leave!ğŸ˜¢
@Naomi-post-stuff,2024-12-28T23:05:43Z,2024-12-28T23:05:43Z,0,"<a href=""https://www.youtube.com/watch?v=yhB3BgJyGl8&amp;t=415"">6:55</a> fnf song alert ğŸš¨"
@DawensEugÃ¨neJeangilles-s3p,2024-12-28T21:58:46Z,2024-12-28T21:58:46Z,0,Venez visiter HaÃ¯ti ğŸ˜Š
@Ğ†ÑĞ¿Ğ°Ğ½ÑÑŒĞºĞ°-55,2024-12-28T21:47:37Z,2024-12-28T21:47:37Z,0,Bryan is the best
@osmanmejia9368,2024-12-28T21:43:42Z,2024-12-28T21:43:42Z,0,Talves Bryan hiba por ayuda o a conseguir comida para todos
@franciscamedinha,2024-12-28T20:26:12Z,2024-12-28T20:26:12Z,0,â¤â¤â¤â¤â¤â¤â¤â¤â¤â¤â¤â¤â¤â¤â¤â¤â¤â¤â¤â¤â¤â¤â¤â¤â¤â¤
@franciscamedinha,2024-12-28T20:25:49Z,2024-12-28T20:25:49Z,0,NotengomaRibo
@JohnnyRay-f9m,2024-12-28T19:45:34Z,2024-12-28T19:45:34Z,0,Do not get eaten by sharkğŸ˜¢
@Hypertitanspeakerman15,2024-12-28T18:20:33Z,2024-12-28T18:20:33Z,0,Did you see the tornado in the background starting
@AnnaLewandowska-j7f,2024-12-28T18:12:58Z,2024-12-28T18:12:58Z,0,AIM a brayan
@nurtentemel4585,2024-12-28T18:05:48Z,2024-12-28T18:05:48Z,1,Gemi abiciÄŸim diyorsun tane kalp gÃ¶ndermem harcama abiciÄŸim birazcÄ±k GTA v kullan b GTA v 5
@WARSEW172,2024-12-28T17:11:53Z,2024-12-28T17:11:53Z,0,raft irel
@ZakiZakielmahi,2024-12-28T17:03:54Z,2024-12-28T17:03:54Z,0,"Ù‡Ù†Ø§Ùƒ Ø¥Ù…Ø±Ø£Ø© Ø£Ù†Ø¶Ø± Ø¥Ù„Ù‰ Ø§Ù„Ø¯Ù‚ÙŠÙ‚Ø© <a href=""https://www.youtube.com/watch?v=yhB3BgJyGl8&amp;t=610"">10:10</a>ğŸ˜®"
@iwokremis,2024-12-28T17:00:42Z,2024-12-28T17:00:42Z,0,yoooooooo
@pb31vlogs39,2024-12-28T16:54:37Z,2024-12-28T16:54:37Z,0,Mujko tumhe khush dekh ke khushi milti hai<br>Tumko musibat me dekh kar nai ğŸ˜ŠğŸ˜˜
@Ù…Ø³ØªØ±Ø¨ÙŠØ³1234,2024-12-28T16:47:13Z,2024-12-28T16:47:13Z,0,Ø§Ø¬Ù…Ù„ ØµØ§Ù†Ø¹ Ù…Ø­ØªÙˆØ¦ Ø¨Ù„Ø¹Ø§Ù„Ù…
@arvosalmi803,2024-12-28T16:42:15Z,2024-12-28T16:42:15Z,0,"What a satisfying sound <a href=""https://www.youtube.com/watch?v=yhB3BgJyGl8&amp;t=241"">4:01</a>"
@HammodRaedhasan,2024-12-28T16:07:54Z,2024-12-28T16:07:54Z,0,Ø±Ù†Ø§Ù„Ø¯Ø¹Ù…ÙƒØ©
@DaltonJose-xk6po,2024-12-28T15:36:05Z,2024-12-28T15:36:05Z,0,Oi
@ReikoMesila-yk4vl,2024-12-28T15:02:37Z,2024-12-28T15:02:37Z,0,Lazarbeam??
@ì¡°ìœ¤ì„±-w2v,2024-12-28T14:01:33Z,2024-12-28T14:01:33Z,0,"<a href=""https://www.youtube.com/watch?v=yhB3BgJyGl8&amp;t=540"">9:00</a>"
@MariaeloisaBrandao,2024-12-28T13:58:49Z,2024-12-28T13:58:49Z,1,Muito bom issoğŸ˜ŠğŸ˜Š
@Rayan-v8k3n,2024-12-28T13:36:22Z,2024-12-28T13:36:22Z,0,Hoob Shondor keno mozağŸ˜ŠğŸ˜ŠğŸ˜…ğŸ˜…ğŸ˜…ğŸ˜®ğŸ˜®ğŸ˜®ğŸ˜¢ğŸ˜¢ğŸ‰ğŸ‰ğŸ˜‚ğŸ˜‚â¤â¤â¤
@niteshrajbhar4290,2024-12-28T13:26:41Z,2024-12-28T13:26:41Z,0,Bhai tum log bathroom Pani me kiye hogeğŸ˜…
@alanacampbell7689,2024-12-28T13:08:38Z,2024-12-28T13:08:38Z,0,Thatâ€™s scary MrBeastğŸ«£ğŸ¤¯
@emirhanedits_12,2024-12-28T09:57:14Z,2024-12-28T09:57:14Z,1,"<a href=""https://www.youtube.com/watch?v=yhB3BgJyGl8&amp;t=429"">7:09</a> Fasulye TurkeyğŸ‡¹ğŸ‡·"
@AdyIordache-bh3bz,2024-12-28T09:44:03Z,2024-12-28T09:44:03Z,0,â¤â¤â¤â¤â¤â¤â¤â¤â¤â¤â¤
@à¸™à¸à¸£à¸±à¸•à¸™à¹Œà¸­à¸±à¸›à¸©à¸£-à¸¥9à¸ª,2024-12-28T09:19:13Z,2024-12-28T09:19:13Z,0,à¸­à¸¸à¹‰à¸¢à¸à¸´à¸¡à¸à¹Œà¸œà¸´à¸”
@à¸™à¸à¸£à¸±à¸•à¸™à¹Œà¸­à¸±à¸›à¸©à¸£-à¸¥9à¸ª,2024-12-28T09:16:28Z,2024-12-28T09:16:28Z,0,à¸ªà¸›à¸±à¸‡à¸à¸µà¹‰
@franz-ist-cool,2024-12-28T07:27:06Z,2024-12-28T07:27:06Z,0,â¤
@Apollo22281,2024-12-28T07:24:06Z,2024-12-28T07:24:06Z,0,Love Brainâ¤
@AlondraLopezSanchez,2024-12-28T05:37:40Z,2024-12-28T05:37:40Z,0,BryanğŸ˜‚
@SaadChoudhary-v2k,2024-12-28T05:26:36Z,2024-12-28T05:26:36Z,0,ğŸ˜‚â¤â¤
@SaadChoudhary-v2k,2024-12-28T05:26:17Z,2024-12-28T05:26:17Z,0,Saadchoudhary
@theayman7068,2024-12-28T02:32:17Z,2024-12-28T02:32:17Z,0,Bro is playing raft irl ğŸ˜‚
@elianavivanco8612,2024-12-28T02:00:50Z,2024-12-28T02:00:50Z,1,Bryan was heart warming
@lailmamaia8164,2024-12-28T01:31:15Z,2024-12-28T01:31:15Z,0,Algum brasileiro
@annnebel6191,2024-12-28T00:53:20Z,2024-12-28T00:53:20Z,0,ğŸ˜‚ğŸ˜‚ğŸ˜‚ğŸ˜‚bryan
@-michi-nejo-1320,2024-12-28T00:40:46Z,2024-12-28T00:40:46Z,0,"<a href=""https://www.youtube.com/watch?v=yhB3BgJyGl8&amp;t=1087"">18:07</a>"
@CindyRios1040,2024-12-28T00:10:12Z,2024-12-28T00:10:12Z,2,Bryan is beautiful â¤ï¸â¤ï¸
@yanetmenegia9028,2024-12-28T00:00:00Z,2024-12-28T00:00:00Z,0,"And of course, thereâ€™s another one Brian, the chicken"
@Mistrz3386,2024-12-27T23:53:14Z,2024-12-27T23:53:14Z,0,thanks for you dubling for polish leanguige
@Spider-gh7cl,2024-12-27T22:59:15Z,2024-12-27T22:59:15Z,0,Ø§Ù†ØªÙˆ Ø³Ø¨ØªÙˆ Ø§Ù„ Ø¹ÙˆØ§Ù…Ù‡ ØŸ!
@vb9043,2024-12-27T19:50:37Z,2024-12-27T19:50:37Z,0,How sweet was that bird
@amy-leighthiessen5583,2024-12-27T19:46:44Z,2024-12-27T19:46:44Z,0,Catch a chicken!!!!!!!
@sahibebayramova1013,2024-12-27T19:17:00Z,2024-12-27T19:17:00Z,0,Ğ¯ Ğ¿Ğ¾Ğ´Ğ¿Ğ¸ÑĞ°Ğ½ Ğ²Ğ°Ğ¼
@sahibebayramova1013,2024-12-27T19:16:12Z,2024-12-27T19:16:12Z,0,ğŸ‰ğŸ‰ğŸ‰ğŸ‰ğŸ‰ Ğ¼Ğ°Ğ»Ğ°Ğ´ĞµÑ† Ğ²Ğ°Ğ¼ Ğ±Ñ€Ğ°Ñ‚Ğ°Ğ½Ñ‹
@brunobasto5670,2024-12-27T19:13:21Z,2024-12-27T19:13:21Z,0,Boa tarde MrBeast .   Sou fÃ£  dos seus vÃ­deos eu e minha filha assistimos.   Gostaria de ter uma oportunidade  de fazer parte dos seus desafios.   Acho incrÃ­vel demais.      Sem contar que vocÃª  ajuda demais as pessoas.  Isso Ã© um dom que Deus te Deus.   Que Deus te grandemente!
@EHOTNK_38900,2024-12-27T19:05:35Z,2024-12-27T19:05:35Z,0,We love Bryan...ğŸ–¤
@CristhianneymarRomeroaltamiran,2024-12-27T17:02:34Z,2024-12-27T17:02:34Z,0,&lt;2026&gt;
@CristhianneymarRomeroaltamiran,2024-12-27T17:01:47Z,2024-12-27T17:01:47Z,0,Teamo
@grahamgamer1339,2024-12-27T16:12:34Z,2024-12-27T16:12:34Z,1,Do it again with professional
@AleenaSk-o7e,2024-12-27T13:48:43Z,2024-12-27T13:48:43Z,0,Hello ğŸ¤—ğŸ¤—ğŸ¤—ğŸ¤—ğŸ¤—ğŸ¤—ğŸ¤—ğŸ¤—ğŸ¤—ğŸ¤—ğŸ¤—ğŸ¤—ğŸ¤—ğŸ¤—
@MelgieMedrano,2024-12-27T13:47:15Z,2024-12-27T13:47:15Z,0,Yeah sub for bryanğŸ‰
@Karl-b5n,2024-12-27T12:31:19Z,2024-12-27T12:31:19Z,0,Bravo ğŸ‘ŒğŸ‘ŒğŸ‘Œ
@GvvvHvvxhxbf,2024-12-27T12:25:53Z,2024-12-27T12:25:53Z,0,ÙƒØ°Ø¨
@AbdullohNaufal,2024-12-27T12:11:22Z,2024-12-27T12:11:22Z,0,ğŸ˜¢ğŸ˜¢ğŸ˜¢ğŸ˜¢
@zm-pd6yy,2024-12-27T09:07:03Z,2024-12-27T09:07:03Z,0,Wi
@jenntoby6872,2024-12-27T04:55:28Z,2024-12-27T04:55:28Z,0,I am subscribed<br>ğŸ‰ğŸ‰ğŸ‰ğŸ‰ğŸ‰ğŸ‰
@SAHGUFTAPARVEEN-rm9wp,2024-12-27T03:29:51Z,2024-12-27T03:29:51Z,1,ğŸ˜ŠğŸ˜ŠğŸ˜ŠğŸ˜ŠğŸ˜ŠğŸ˜ŠğŸ˜Šâ¤â¤â¤â¤â¤â¤â¤
@MuhammadSiraj-o5v,2024-12-27T03:12:09Z,2024-12-27T03:12:40Z,0,Where is washroom??? For living 7days.
@AliUsman-f7t,2024-12-27T02:33:19Z,2024-12-27T02:33:19Z,0,Mashallah
@OakleyArney-h8f,2024-12-27T02:19:42Z,2024-12-27T02:19:42Z,0,Mister Mrbeast I love your video so much That I want to be in them And I love your feastable cookies
@GideonSilasHenry,2024-12-27T01:06:53Z,2024-12-27T01:06:53Z,0,How do you guys use the toilet?ğŸ˜‚
@Infinity-n8y,2024-12-27T00:52:33Z,2024-12-27T00:52:33Z,0,2                    suscude            tornonto
@Jedireek,2024-12-27T00:06:50Z,2024-12-27T00:06:50Z,0,Bru
@nataliamichaek6779,2024-12-26T19:51:44Z,2024-12-26T19:51:44Z,0,"<a href=""https://www.youtube.com/watch?v=yhB3BgJyGl8&amp;t=204"">3:24</a>"
@SahinAslanov-w9h,2024-12-26T18:28:16Z,2024-12-26T18:28:16Z,0,Ur krÄ±sdioano
@yarelisBarreto,2024-12-26T16:59:35Z,2024-12-26T16:59:35Z,0,2o
@rajiv-v-p,2024-12-26T15:45:41Z,2024-12-26T15:45:41Z,0,â¤â¤â¤â¤â¤
@rajiv-v-p,2024-12-26T15:45:14Z,2024-12-26T15:45:14Z,0,sir
@rajiv-v-p,2024-12-26T15:45:03Z,2024-12-26T15:45:03Z,0,sir
@RaushanKumar-h9c5y,2024-12-26T15:28:57Z,2024-12-26T15:28:57Z,0,ğŸ˜®ğŸ˜®ğŸ˜®ğŸ˜®ğŸ˜®ğŸ˜®ğŸ˜®ğŸ˜®
@Andrri-u4h,2024-12-26T14:25:28Z,2024-12-26T14:25:28Z,0,I â¤yui!!!
@ĞĞºÑƒĞ»Ğ°ĞĞºÑƒĞ»Ğ°-Ñ2Ğ·,2024-12-26T14:18:45Z,2024-12-26T14:18:45Z,0,ĞŸÑ€Ğ¸Ğ²ĞµÑ‚ ğŸ˜Š
@amo-x5i,2024-12-26T13:48:50Z,2024-12-26T13:48:50Z,0,ØªØ³ØªØ§Ù‡Ù„
@NikiBabic,2024-12-26T13:03:26Z,2024-12-26T13:03:26Z,0,"Hei, come to KoÅ¡tabona in SloveniağŸ˜‰â¤ï¸"
@Ù…Ø´Ø§Ø±ÙŠØ§Ù„Ù…Ø·ÙŠØ±ÙŠ-Ø¶2Ø¨,2024-12-26T12:49:26Z,2024-12-26T12:49:26Z,0,Ù…Ø´Ø§Ø±ÙŠ
